date,asset,check_id,severity,status,evidence
2026-09-01,lab-web-01,CFG-001,high,fail,합성 설정 자료에서 디버그 모드 활성화 확인
2026-09-01,lab-web-01,CFG-002,medium,pass,합성 설정 자료에서 세션 만료 시간 확인
2026-09-01,lab-host-01,LOG-001,medium,review,로그 보관 기간에 대한 담당자 확인 필요
2026-09-01,lab-host-01,FILE-001,high,fail,학습용 파일의 기준선 대비 변경 발견
2026-09-01,lab-host-02,CFG-003,info,na,실습 자산에 해당 기능 없음
2026-13-01,lab-web-02,CFG-001,high,fail,잘못된 날짜
2026-09-01,lab-web-02,CFG-002,urgent,pass,허용되지 않은 심각도
2026-09-01,lab-web-02,CFG-003,low,unknown,허용되지 않은 상태
2026-09-01,lab-web-01,CFG-001,high,fail,중복 점검 기록
